ID,品名,英文名,官方建議售價,酒精濃度,官方簡述,色澤,風味,口感,飲用建議,官方頁面
1,噶瑪蘭經典,Kavalan Classic,"NTD 2,100",40%,由調酒師精選波本桶、雪莉桶、重裝桶等多款橡木桶，以絕佳比例調配，經由台灣獨特的亞熱帶氣候淬鍊，於短時間達到熟成、呈現香醇平衡的風味。採用雪山山脈純淨水源，創造出酒質的順口厚實，是第一支噶瑪蘭單一麥芽威士忌、亦為相當經典的入門酒款。,活潑與熱情的琥珀色,相當乾淨、優雅、富有怡人清新的蝴蝶蘭花香與誘人的果香味。隱約散發著蜂蜜、熱帶芒果、洋梨、香草、椰子風味,獨特似芒果之香甜風味與受橡木洗禮後之豐富多層次辛香酒體。有著溫暖、綿密、滑順與帶有柑橘的終感,適合與海鮮一起搭配飲用 調配比例：一份酒+五份水+冰塊,https://www.kavalanwhisky.com/zh-tw/product.php?act=view&id=1
2,噶瑪蘭山川首席 波特風味桶,Kavalan Concertmaster Port Cask Finish,"NTD 1,500",,亞熱帶氣候的交替更迭伴隨橡木桶緩慢呼吸山海獨特的芬芳天地的自然精華，孕育出風味無可比擬、令世界著迷的噶瑪蘭單一麥芽威士忌。,溫暖的棕紅色,橙花、甘蔗與鳳梨交融蜂蜜香氣，肉桂辛香點綴蜜餞與櫻桃，圓潤飽滿、餘韻悠長。,飽如和諧交響，層次豐富，清新莓果揭開序幕，交織蜂蜜烤堅果、棉花糖、鳳梨與無花果的熱帶果香，尾韻則綻放牛奶巧克力、太妃糖與葡萄乾的甜美。,適合與甜點一起搭配飲用,https://www.kavalanwhisky.com/zh-tw/product.php?act=view&id=2
3,金車頂極指揮,King Car Conductor,"NTD 2,500",46%,亞熱帶氣候的交替更迭伴隨橡木桶緩慢呼吸山海獨特的芬芳天地的自然精華，孕育出風味無可比擬、令世界著迷的噶瑪蘭單一麥芽威士忌。,熱情如台灣的鮮明琥珀色,擁有細緻的深度層次，蘊含繽紛的木瓜、香蕉、青蘋果等水果香氣，宜人的花香與紅棗香氣拂面而來，整體風味相當乾淨並散發鮮果香,帶有香蕉的甜味和清香令人驚豔！若有似無的苦澀將整體甜度平衡至完美、口感飽滿圓潤,適合與台式、日式、泰式等各式的料理一起搭配飲用,https://www.kavalanwhisky.com/zh-tw/product.php?act=view&id=3
5,噶瑪蘭波本桶,Kavalan ex-Bourbon Oak,"NTD 2,100",,亞熱帶氣候的交替更迭伴隨橡木桶緩慢呼吸山海獨特的芬芳天地的自然精華，孕育出風味無可比擬、令世界著迷的噶瑪蘭單一麥芽威士忌。,迷人、生動之金黃色黃頭鷺,純淨、清晰之熱帶水果香氣與豐富的椰子、香草與木頭辛香味交錯呈現,自然甘甜、香草與橡木香氣均衡發展。口感非常的圓潤、如絲綢般的滑順,適合與清淡及清爽的海鮮料理一起搭配飲用,https://www.kavalanwhisky.com/zh-tw/product.php?act=view&id=5
6,噶瑪蘭Oloroso雪莉桶,Kavalan Oloroso Sherry Oak,"NTD 2,300",,亞熱帶氣候的交替更迭伴隨橡木桶緩慢呼吸山海獨特的芬芳天地的自然精華，孕育出風味無可比擬、令世界著迷的噶瑪蘭單一麥芽威士忌。,深沉的紅褐色,風味純淨，帶有豐富與多層次的乾果、堅果和辛香料香氣。隱約散發著迷人、愉悅的杏仁香,渾厚、滑順的乾果和辛香料持續於口中散發熱情風韻，如佛朗明哥般舞動挑逗味蕾享受，同時帶有些微的上等咖啡香氣,適合與堅果類、巧克力或紅肉類料理一起搭配飲用,https://www.kavalanwhisky.com/zh-tw/product.php?act=view&id=6
8,噶瑪蘭堡典,Kavalan Podium,"NTD 2,500",46%,亞熱帶氣候的交替更迭伴隨橡木桶緩慢呼吸山海獨特的芬芳天地的自然精華，孕育出風味無可比擬、令世界著迷的噶瑪蘭單一麥芽威士忌。,帶有琥珀光澤的深金色,優雅乾淨花香和細膩甜蜜緩緩蔓延舌間，而後顯現如青蘋果般的亞熱帶水果香氣、散發櫻桃、葡萄與白胡椒氣息，有著豐富驚喜的風味變化,口感如絲絨滑順，層次細膩堆疊，尾韻綿延悠長、乾淨且平衡，酒體溫柔飽滿呈現層次分明而柔和的多重風味,適合與台式、日式、泰式等各式的料理一起搭配飲用,https://www.kavalanwhisky.com/zh-tw/product.php?act=view&id=8
9,噶瑪蘭珍選No. 1,Kavalan Distillery Select No. 1,"NTD 1,100",40%,亞熱帶氣候的交替更迭伴隨橡木桶緩慢呼吸山海獨特的芬芳天地的自然精華，孕育出風味無可比擬、令世界著迷的噶瑪蘭單一麥芽威士忌。,深邃的琥珀色,熱帶水果的成熟香氣，包覆著滑順的風味，隱約透露著迷人的芬芳,甜蜜、輕柔、絲滑入口，平衡的口感為用桶工藝的完美交織,適合純飲與調酒,https://www.kavalanwhisky.com/zh-tw/product.php?act=view&id=9
10,噶瑪蘭經典獨奏 波本桶 威士忌原酒,Kavalan Solist ex-Bourbon Single Cask Strength,"NTD 3,000",50-59.9%,亞熱帶氣候的交替更迭伴隨橡木桶緩慢呼吸山海獨特的芬芳天地的自然精華，孕育出風味無可比擬、令世界著迷的噶瑪蘭單一麥芽威士忌。,迷人、生動之金黃色黃頭鷺 (金車酒廠棲息的野生鳥類之一),純淨、清新之熱帶水果香氣與豐富的椰子、香草和木頭辛香味交錯呈現,自然的甘甜、香草與橡木香氣均衡發展。口感非常的圓潤、絲綢般的滑順,適合純飲,https://www.kavalanwhisky.com/zh-tw/product.php?act=view&id=10
11,噶瑪蘭經典獨奏 Oloroso雪莉桶 威士忌原酒,Kavalan Solist Oloroso Sherry Single Cask Strength,"NTD 3,500",50-59.9%,亞熱帶氣候的交替更迭伴隨橡木桶緩慢呼吸山海獨特的芬芳天地的自然精華，孕育出風味無可比擬、令世界著迷的噶瑪蘭單一麥芽威士忌。,穩重、深沉和可口的黑葡萄乾顏色,風味純淨，帶有豐富與多層次的乾果、堅果和辛香料香氣。隱約散發著迷人、愉悅的杏仁香,渾厚、滑順的乾果和辛香料將持續於口裡熱情，舞動佛朗明哥挑逗味蕾，同時帶有些微的上等咖啡香氣,適合純飲,https://www.kavalanwhisky.com/zh-tw/product.php?act=view&id=11
12,噶瑪蘭經典獨奏 Fino雪莉桶 威士忌原酒,Kavalan Solist Fino Sherry Single Cask Strength,"NTD 6,600",50-59.9%,亞熱帶氣候的交替更迭伴隨橡木桶緩慢呼吸山海獨特的芬芳天地的自然精華，孕育出風味無可比擬、令世界著迷的噶瑪蘭單一麥芽威士忌。,神秘的暗琥珀色,濃郁豐厚的雪莉香氣，帶有奶油太妃糖和乳脂軟糖的香甜調性，絲滑牛奶巧克力蘊含其中；輕飲入喉間，與多層次的熱帶水果香氣達成完美平衡,乳脂軟糖的柔和香甜，烘托出舌尖上的自然甜味。多層次的豐盈果香中，夾帶著一絲木質調氣息，賦予味蕾悠長而甜蜜的尾韻感受,適合純飲,https://www.kavalanwhisky.com/zh-tw/product.php?act=view&id=12
13,噶瑪蘭經典獨奏 Vinho葡萄酒桶 威士忌原酒,Kavalan Solist Vinho Barrique Single Cask Strength,"NTD 3,500",50-59.9%,亞熱帶氣候的交替更迭伴隨橡木桶緩慢呼吸山海獨特的芬芳天地的自然精華，孕育出風味無可比擬、令世界著迷的噶瑪蘭單一麥芽威士忌。,深秋金黃色,綻放香瓜果香與焦糖香甜，結合葡萄酒特質之豐富融合體。呈現細緻既平衡之嗅感、完美呈現水果與橡木絕妙,甘甜口感，杏仁、黑巧克力在舌尖繚繞。尾韻潔淨，整體風味醇厚濃郁、豐富口感令人回味無窮,適合純飲,https://www.kavalanwhisky.com/zh-tw/product.php?act=view&id=13
14,噶瑪蘭經典獨奏 白蘭地桶 威士忌原酒,Kavalan Solist Brandy Single Cask Strength,"NTD 4,200",50-59.9%,亞熱帶氣候的交替更迭伴隨橡木桶緩慢呼吸山海獨特的芬芳天地的自然精華，孕育出風味無可比擬、令世界著迷的噶瑪蘭單一麥芽威士忌。,迷人的深琥珀色,散發出令人無法抗拒的桃子、百香果、草莓的濃郁芳香，風味美妙動人,滑順、圓潤飽滿且多層次的口感，持續在口中綿延著荔枝香甜的尾韻,適合純飲,https://www.kavalanwhisky.com/zh-tw/product.php?act=view&id=14
15,噶瑪蘭經典獨奏 波特桶 威士忌原酒,Kavalan Solist Port Single Cask Strength,"NTD 3,500",50-59.9%,亞熱帶氣候的交替更迭伴隨橡木桶緩慢呼吸山海獨特的芬芳天地的自然精華，孕育出風味無可比擬、令世界著迷的噶瑪蘭單一麥芽威士忌。,沉穩、棕紅色,深層的堅果香融合甘橘花香，緩緩帶出波特桶獨有深藏的木質氣息,飽滿的果香氣與頂級巧克力香的完美結合，有如堅果巧克力在口中慢慢融化，體現出完美的結合，後韻繚繞,適合純飲或搭配甜點,https://www.kavalanwhisky.com/zh-tw/product.php?act=view&id=15
16,噶瑪蘭經典獨奏 Amontillado雪莉桶 威士忌原酒,Kavalan Solist Amontillado Sherry Single Cask Strength,"NTD 8,000",50-59.9%,亞熱帶氣候的交替更迭伴隨橡木桶緩慢呼吸山海獨特的芬芳天地的自然精華，孕育出風味無可比擬、令世界著迷的噶瑪蘭單一麥芽威士忌。,飽滿的紅褐色,層次飽滿豐富且具濃厚果香，輔以無花果乾、酸甜梅香，清新雅緻的牡丹香氣與之點綴；濃郁香甜的榛果及杏仁蘊含其中，佐以淡層次太妃糖及橡木風味,酒漬櫻桃融合烤蘋果派香甜調性，咖啡、肉桂辛香帶出深厚層次。獨特柔和的雪莉口感，富有焦糖香氣，堅果與胡椒溫柔交織，尾韻綿延而悠美,適合純飲或搭配甜點，或冰淇淋上加點威士忌也別有一番風味,https://www.kavalanwhisky.com/zh-tw/product.php?act=view&id=16
17,噶瑪蘭經典獨奏 Manzanilla雪莉桶 威士忌原酒,Kavalan Solist Manzanilla Sherry Single Cask Strength,"NTD 8,000",,亞熱帶氣候的交替更迭伴隨橡木桶緩慢呼吸山海獨特的芬芳天地的自然精華，孕育出風味無可比擬、令世界著迷的噶瑪蘭單一麥芽威士忌。,黑黝金黃琥珀色,整體香氣細緻豐沛，帶有清新蜜瓜芳香，綴有太妃糖及可可亞甜味，後段環繞蘋果酒與海洋清新氣息,完美平衡的酒體，淡雅鹹味與蜜瓜、薄荷清香美妙結合，清新的豐富層次賦予舌尖嶄新享受,適合純飲或搭配甜點，或冰淇淋上加點威士忌也別有一番風味,https://www.kavalanwhisky.com/zh-tw/product.php?act=view&id=17
18,噶瑪蘭經典獨奏 PX雪莉桶 威士忌原酒,Kavalan Solist PX Sherry Single Cask Strength,"NTD 10,000",50-59.9%,亞熱帶氣候的交替更迭伴隨橡木桶緩慢呼吸山海獨特的芬芳天地的自然精華，孕育出風味無可比擬、令世界著迷的噶瑪蘭單一麥芽威士忌。,燦爛微醺稻草色,豐富黑糖漿及麥芽糖甜感，逐漸浮現絲絲迷迭香和香茅清新氣息。濃郁香甜的焦糖、絲滑巧克力，為尾韻增加一抹迷人芳甜,馥郁果香與細緻巧克力香氣，於口中完美釋放。亞熱帶熟成環境下烘托出PX雪莉桶的獨有特性，滑順蜜餞乾果香氣及悠長尾韻，多汁葡萄及蜂蜜糖漿的柔滑香甜口感，於舌尖上極致綻放。,適合純飲或搭配甜點,https://www.kavalanwhisky.com/zh-tw/product.php?act=view&id=18
19,噶瑪蘭經典獨奏 Moscatel雪莉桶 威士忌原酒,Kavalan Solist Moscatel Sherry Single Cask Strength,"NTD 8,000",50-59.9%,亞熱帶氣候的交替更迭伴隨橡木桶緩慢呼吸山海獨特的芬芳天地的自然精華，孕育出風味無可比擬、令世界著迷的噶瑪蘭單一麥芽威士忌。,絢麗晶釉紅,猶如布朗尼蛋糕上的果醬，透露著花蜜般的誘惑，佐以微甜的太妃糖和焦糖風味，帶出令人垂涎的誘人香氣,濃郁平衡且帶有獨特乾果香味，絲絨般的奶油香甜巧克力三重奏，堆疊出富有深度的味蕾層次饗宴,適合純飲或搭配甜點,https://www.kavalanwhisky.com/zh-tw/product.php?act=view&id=19
20,噶瑪蘭酒廠珍藏版 煙燻泥煤威士忌原酒,Kavalan Distillery Reserve Peated Whisky Single Cask Strength,"NTD 1,600",,亞熱帶氣候的交替更迭伴隨橡木桶緩慢呼吸山海獨特的芬芳天地的自然精華，孕育出風味無可比擬、令世界著迷的噶瑪蘭單一麥芽威士忌。,蜂蜜般金黃色,濃郁的蜂蠟與椰子香氣，襯托出熱帶水果的濃郁果香，點綴著金黃奇異果芬芳。散發著美味誘人、盈滿嗅覺的清新甘甜,入口後，滿滿奶油糖果滋味，微微煙燻泥煤在味蕾穿梭。餘韻悠長，些微辛香胡椒與紅辣椒氣息、交織的獨特經典，口感相當平衡且極富深度,適合與燒烤類或煙燻類料理一起搭配飲用,https://www.kavalanwhisky.com/zh-tw/product.php?act=view&id=20
21,噶瑪蘭酒廠珍藏版蘭姆桶威士忌原酒,Kavalan Distillery Reserve Single Rum Cask Cask Strength,"NTD 1,600",,亞熱帶氣候的交替更迭伴隨橡木桶緩慢呼吸山海獨特的芬芳天地的自然精華，孕育出風味無可比擬、令世界著迷的噶瑪蘭單一麥芽威士忌。,加勒比海晚霞般的深沉金黃色,似現烤的蜂蜜蛋糕，抹上清新的香草奶油，點綴著香脆的杏仁片，富有甜美的蘋果及迷人的熱帶水果味、夾帶著一絲清爽的檸檬皮香氣,濃郁糖漿般的滑順口感，蘊含新鮮香瓜般的清甜，混合丁香與薑等香料氣息，入口後仍在齒頰留下太妃糖、葡萄乾及薄荷餅的口感，充分透過原酒體現豐富特性。尾韻細緻甘甜的尾韻融合微微辛香料氣息悠長蔓延,適合搭配甜點或調酒用,https://www.kavalanwhisky.com/zh-tw/product.php?act=view&id=21
23,噶瑪蘭山川首席 雪莉風味桶,Kavalan Concertmaster Sherry Cask Finish,"NTD 1,500",40%,亞熱帶氣候的交替更迭伴隨橡木桶緩慢呼吸山海獨特的芬芳天地的自然精華，孕育出風味無可比擬、令世界著迷的噶瑪蘭單一麥芽威士忌。,初熟杏黃,先迎來極致香甜且柔和的香草及奶油太妃糖風味，後帶出渾厚豐富深色水果芳香；點綴著絲滑巧克力，再由焦糖布蕾、新鮮瓜果層層堆疊出香甜氣息，最後由特有的乾果及堅果香氣結尾，馥郁又雋永悠長,圓潤、包覆感十足，卻又滑順細緻，散發出迷人的熱帶水果風味，展現優雅平衡的完美調性,適合純飲，與甜點一起搭配飲用或調酒,https://www.kavalanwhisky.com/zh-tw/product.php?act=view&id=23
25,,,,,亞熱帶氣候的交替更迭伴隨橡木桶緩慢呼吸山海獨特的芬芳天地的自然精華，孕育出風味無可比擬、令世界著迷的噶瑪蘭單一麥芽威士忌。,,,,,https://www.kavalanwhisky.com/zh-tw/product.php?act=view&id=25
26,,,,,亞熱帶氣候的交替更迭伴隨橡木桶緩慢呼吸山海獨特的芬芳天地的自然精華，孕育出風味無可比擬、令世界著迷的噶瑪蘭單一麥芽威士忌。,,,,,https://www.kavalanwhisky.com/zh-tw/product.php?act=view&id=26
27,,,,,亞熱帶氣候的交替更迭伴隨橡木桶緩慢呼吸山海獨特的芬芳天地的自然精華，孕育出風味無可比擬、令世界著迷的噶瑪蘭單一麥芽威士忌。,,,,,https://www.kavalanwhisky.com/zh-tw/product.php?act=view&id=27
28,,,,,亞熱帶氣候的交替更迭伴隨橡木桶緩慢呼吸山海獨特的芬芳天地的自然精華，孕育出風味無可比擬、令世界著迷的噶瑪蘭單一麥芽威士忌。,,,,,https://www.kavalanwhisky.com/zh-tw/product.php?act=view&id=28
29,,,,,亞熱帶氣候的交替更迭伴隨橡木桶緩慢呼吸山海獨特的芬芳天地的自然精華，孕育出風味無可比擬、令世界著迷的噶瑪蘭單一麥芽威士忌。,,,,,https://www.kavalanwhisky.com/zh-tw/product.php?act=view&id=29
30,,,,,亞熱帶氣候的交替更迭伴隨橡木桶緩慢呼吸山海獨特的芬芳天地的自然精華，孕育出風味無可比擬、令世界著迷的噶瑪蘭單一麥芽威士忌。,,,,,https://www.kavalanwhisky.com/zh-tw/product.php?act=view&id=30
31,,,,,亞熱帶氣候的交替更迭伴隨橡木桶緩慢呼吸山海獨特的芬芳天地的自然精華，孕育出風味無可比擬、令世界著迷的噶瑪蘭單一麥芽威士忌。,,,,,https://www.kavalanwhisky.com/zh-tw/product.php?act=view&id=31
32,,,,,亞熱帶氣候的交替更迭伴隨橡木桶緩慢呼吸山海獨特的芬芳天地的自然精華，孕育出風味無可比擬、令世界著迷的噶瑪蘭單一麥芽威士忌。,,,,,https://www.kavalanwhisky.com/zh-tw/product.php?act=view&id=32
34,噶瑪蘭珍選No. 2,Kavalan Distillery Select No. 2,"NTD 1,100",40%,亞熱帶氣候的交替更迭伴隨橡木桶緩慢呼吸山海獨特的芬芳天地的自然精華，孕育出風味無可比擬、令世界著迷的噶瑪蘭單一麥芽威士忌。,明亮金黃色,花香、草本香氣與香草的風味於口中綻放，另融合了溫暖的木質氣息與獨特辛香。層次豐富，尾韻悠長且芳香馥郁。,圓潤、滑順卻不失個性。追求適合日常品飲的絕佳口感。,適合純飲或調酒,https://www.kavalanwhisky.com/zh-tw/product.php?act=view&id=34
35,海洋 Ocean 邦穹桶,Kavalan Puncheon Single Cask Strength,"NTD 12,000",50-63%,亞熱帶氣候的交替更迭伴隨橡木桶緩慢呼吸山海獨特的芬芳天地的自然精華，孕育出風味無可比擬、令世界著迷的噶瑪蘭單一麥芽威士忌。,深沉緋紅浪潮,現烤杏仁餅香味撲鼻而來，帶出柔和香草及甜美白桃，伴隨著一絲楓糖甜感，並襯托出甘甜果香,滑順香草、甜蜜太妃糖、點綴細緻堅果香氣，並包覆著馥郁的白桃與熱帶水果香，多層次風味如海浪般連綿入喉,,https://www.kavalanwhisky.com/zh-tw/product.php?act=view&id=35
36,空氣 Air 橡木新桶,Kavalan Virgin Oak Single Cask Strength,,50-63%,亞熱帶氣候的交替更迭伴隨橡木桶緩慢呼吸山海獨特的芬芳天地的自然精華，孕育出風味無可比擬、令世界著迷的噶瑪蘭單一麥芽威士忌。,甜美紫黑櫻桃,最初釋放煙燻烏梅、紫葡萄、奶油香草和濃郁的蜂蠟香氣，逐漸浮現鮮花、杏桃與水蜜桃等深邃迷人的氣息,酒體飽滿、厚實，橡木辛香點綴其中，蘊含甜美蜂蜜、秋梨和栗子風味。成熟溫和的瓜果、芭樂與肉桂香氣，交織出綿延悠長之餘韻,,https://www.kavalanwhisky.com/zh-tw/product.php?act=view&id=36
37,陽光 Sunlight - 法國葡萄酒桶,French Wine Cask Single Cask Strength,,50-63%,亞熱帶氣候的交替更迭伴隨橡木桶緩慢呼吸山海獨特的芬芳天地的自然精華，孕育出風味無可比擬、令世界著迷的噶瑪蘭單一麥芽威士忌。,落日琥珀餘暉,以細緻卻奔放的莓果與黑醋栗香氣主導，後交織甜椒、蘋果、焦糖和成熟水果的迷人氣息。,飽滿且多層次的熱帶水果滋味，野莓及乾果氣息不斷釋放，完美平衡的酒體，夾帶一絲絲單寧，綴以香料輕絲，細膩悠然的口韻，優美地令人著迷。,,https://www.kavalanwhisky.com/zh-tw/product.php?act=view&id=37
38,大地 Mother Earth 煙燻泥煤,Kavalan Peated Malt Single Cask Strength,,50-63%,亞熱帶氣候的交替更迭伴隨橡木桶緩慢呼吸山海獨特的芬芳天地的自然精華，孕育出風味無可比擬、令世界著迷的噶瑪蘭單一麥芽威士忌。,豐實金黃稻穗,濃郁的蜂蠟、太妃糖與椰子香氣，襯托出噶瑪蘭酒廠獨特熱帶水果的濃郁果香，散發著美味誘人、盈滿嗅覺的馥郁甘甜,滿滿奶油糖果滋味，包覆柔化後的煙燻泥煤，交織出微微大地氣息，層次細緻豐富，口感平衡且極富深度。尾韻完美結合紅辣椒、辛香料及桂圓獨特香氣，後韻繚繞且悠長,,https://www.kavalanwhisky.com/zh-tw/product.php?act=view&id=38
39,噶瑪蘭酒廠珍藏版 馬德拉桶威士忌原酒,Kavalan Distillery Reserve Madeira Cask  Single Cask Strength,"NTD 1,600",,亞熱帶氣候的交替更迭伴隨橡木桶緩慢呼吸山海獨特的芬芳天地的自然精華，孕育出風味無可比擬、令世界著迷的噶瑪蘭單一麥芽威士忌。,飽滿深邃琥珀色,新鮮櫻桃、葡萄、蘋果等果味撲鼻，帶出一絲蜂蜜與肉桂辛香，多汁蜜瓜點綴成熟杏仁，襯托太妃糖及香草甜感,飽滿瓜果及杏桃香氣，無花果、橘子果醬、葡萄等風味於口中接續綻放，白胡椒、肉桂辛香料點綴，太妃糖、蜂蜜細緻甜感巧妙展現，整體口感豐富，餘韻濃郁芳香、悠長飽滿。,,https://www.kavalanwhisky.com/zh-tw/product.php?act=view&id=39
40,金車40周年紀念限量款 : 噶瑪蘭尊典,King Car 40th Anniversary Limited Edition,"NTD 15,000",56.3%,亞熱帶氣候的交替更迭伴隨橡木桶緩慢呼吸山海獨特的芬芳天地的自然精華，孕育出風味無可比擬、令世界著迷的噶瑪蘭單一麥芽威士忌。,淡栗棕色,深色的卡本內蘇維翁紅葡萄酒引領香氣，帶點草莓、越橘、辛香料、些許剛燒烤過的橡木氣息,一入口迎來葡萄酒特有的太妃糖香和令人著迷的燻煙、胡椒及丁香等香料味，清爽豐盈，繚繞口中；勾兌少許的水，更加溫潤了酒體與口感的呈現，並多些釋放出莓果和草莓糖的氣息,,https://www.kavalanwhisky.com/zh-tw/product.php?act=view&id=40
41,噶瑪蘭十周年紀念酒EARTH SILVER 葡萄酒桶,Kavalan 10th Anniversary Earth Silver Wine Cask Matured Single Cask,,,亞熱帶氣候的交替更迭伴隨橡木桶緩慢呼吸山海獨特的芬芳天地的自然精華，孕育出風味無可比擬、令世界著迷的噶瑪蘭單一麥芽威士忌。,深沉的琥珀色,撲鼻而來的焦糖香，交織著溫煦的辛香料氣味，帶出厚重濃郁的葡萄酒感與黑糖蜜味，並伴隨著一絲新鮮豐盈的水果與溫和的雪松木的氣息,溫潤的甜感化開了奶油太妃糖的豐富層次，顯露出蘊含的葡萄乾風味，隨之，淡淡的梅酒，點綴著隱約卻又堅實的堅果香氣,,https://www.kavalanwhisky.com/zh-tw/product.php?act=view&id=41
42,噶瑪蘭十周年紀念酒 SKY GOLD 葡萄酒桶,Kavalan 10th Anniversary Sky Gold Wine Cask Matured Single Cask,,,亞熱帶氣候的交替更迭伴隨橡木桶緩慢呼吸山海獨特的芬芳天地的自然精華，孕育出風味無可比擬、令世界著迷的噶瑪蘭單一麥芽威士忌。,深沉的赤褐色,呈現芳馥的莓果香氣，像是成熟的黑莓、淋上糖漿的草莓與些微的蘋果香氣。葡萄酒桶與新酒的結合在香氣上表現得淋漓盡致，呈現煙燻肉、茴香、芫荽子與磨碎的胡椒香氣,莓果淋上太妃糖漿的馥郁口感在爆炸性的果香味之後隨之而來，伴隨著淡淡的辛香料與飽滿可口如同香草牛奶般滑順絲柔的口感,,https://www.kavalanwhisky.com/zh-tw/product.php?act=view&id=42
43,噶瑪蘭層豐雪莉3桶,Kavalan Triple Sherry Cask,"NTD 2,300",,亞熱帶氣候的交替更迭伴隨橡木桶緩慢呼吸山海獨特的芬芳天地的自然精華，孕育出風味無可比擬、令世界著迷的噶瑪蘭單一麥芽威士忌。,迷人棗紅褐色,整體散發出成熟的莓果果乾香氣，從中點綴些微葡萄與柑橘清香，交織出如巧克力布朗尼及太妃糖般的甜美，並透露著肉桂、丁香等辛香，融合恰到好處的橡木及迷迭香香氣，令人愉悅的純淨風味。,滑順的雪莉果乾香氣與奔放的辛香於口中繚繞，溫潤的蜜餞、焦糖及蜂蜜的香甜，如流暢的佛朗明哥舞般挑逗著味蕾；多層次口感完美交融，平衡細緻，造就無法忘懷的舌尖饗宴。,適合與甜點、黑巧克力、堅果一起享用，搭配清爽海鮮沙拉、煙燻肉品或微辣食物亦有絕佳風味展現,https://www.kavalanwhisky.com/zh-tw/product.php?act=view&id=43
46,噶瑪蘭山川首席 葡萄酒風味桶,Kavalan Concertmaster Vinho Barrique Finish,"NTD 1,500",40%,亞熱帶氣候的交替更迭伴隨橡木桶緩慢呼吸山海獨特的芬芳天地的自然精華，孕育出風味無可比擬、令世界著迷的噶瑪蘭單一麥芽威士忌。,甜潤的焦糖餅乾,初飲時散發葡萄乾與香草奶油風味，爾後展現熱帶水果芳香與柑橘輕盈調性；蔓越莓、葡萄汁的香氣四溢，杏仁糖、麥芽餅乾、威化餅的焦糖香接續而來，多層次的風味中點綴辛香料白胡椒,滑順圓潤好入口，帶有馥郁熱帶水果氣息。整體細緻易飲，同時感受雅致瓜果香，再以微甜白巧克力作結,,https://www.kavalanwhisky.com/zh-tw/product.php?act=view&id=46
47,噶瑪蘭葡萄酒桶,Kavalan Wine Oak,"NTD 2,300",,亞熱帶氣候的交替更迭伴隨橡木桶緩慢呼吸山海獨特的芬芳天地的自然精華，孕育出風味無可比擬、令世界著迷的噶瑪蘭單一麥芽威士忌。,秋日餘暉,前韻散發焦糖與黑巧克力香氣，初榨的帶皮葡萄果汁香氣充沛，宛如身處果園中，香甜不膩口。,新鮮的葡萄果香環繞舌尖，伴隨黑巧克力微甜香氣，尾韻帶有一絲煙燻莓果氣味，整體平衡圓潤。,,https://www.kavalanwhisky.com/zh-tw/product.php?act=view&id=47
48,噶瑪蘭波特桶,Kavalan Port Oak,"NTD 2,300",,亞熱帶氣候的交替更迭伴隨橡木桶緩慢呼吸山海獨特的芬芳天地的自然精華，孕育出風味無可比擬、令世界著迷的噶瑪蘭單一麥芽威士忌。,明亮琥珀,木質、莓果香氣作為鋪陳，緩緩帶出糖漬後的梅子蜜餞香氣，背景繚繞清淡花香。,木罐中的風乾蜜餞，溫暖香甜，後端以黑巧克力的微苦作收，入口香氣充足，尾韻乾淨。,,https://www.kavalanwhisky.com/zh-tw/product.php?act=view&id=48
52,噶瑪蘭大師精選RESERVE No.1,Kavalan Master's Select Reserve No.1,"NTD 3,500",,亞熱帶氣候的交替更迭伴隨橡木桶緩慢呼吸山海獨特的芬芳天地的自然精華，孕育出風味無可比擬、令世界著迷的噶瑪蘭單一麥芽威士忌。,晨光金黃,奶油及香草為前韻鋪墊，帶出焦糖烤布蕾與絲滑的蜂蜜甜感，如同精緻的法式甜點；鳳梨、蘋果、檸檬磅蛋糕的清香接續而來，香氣馥郁飽滿又清爽不膩。,淡泥煤香氣輕柔地包覆絲滑香甜的酒體，入口後隱約鹹感襯托，香甜不膩口，適合暢飲。,,https://www.kavalanwhisky.com/zh-tw/product.php?act=view&id=52
53,噶瑪蘭大師精選RESERVE No.2,Kavalan Master's Select Reserve No.2,"NTD 3,500",,亞熱帶氣候的交替更迭伴隨橡木桶緩慢呼吸山海獨特的芬芳天地的自然精華，孕育出風味無可比擬、令世界著迷的噶瑪蘭單一麥芽威士忌。,澄亮暖陽,清雅溫潤的桂圓紅棗茶，伴著堅果木質辛香，隨之而來是葡萄、莓果、櫻桃、李子、紅蘋果的濃郁果香，如同暖玉般細膩甘醇。,入口後果香甜潤，溫潤的淡泥煤及核果香氣完美平衡，尾韻回甘，適合細品。,,https://www.kavalanwhisky.com/zh-tw/product.php?act=view&id=53
54,噶瑪蘭調酒師精選 臻醇,Kavalan Blender's Select Signature,,,亞熱帶氣候的交替更迭伴隨橡木桶緩慢呼吸山海獨特的芬芳天地的自然精華，孕育出風味無可比擬、令世界著迷的噶瑪蘭單一麥芽威士忌。,褐金琥珀,濃郁的熱帶水果香氣，伴隨酸爽的莓果與溫暖的香草味，彷彿一口咬下新鮮多汁的果實，酸甜滋味在口中迸發；中韻再添一層櫻桃及果乾，展現出果香的飽滿濃甜。尾端穿插辛辣的肉桂香料以及蜂蜜甜感，層層疊加的香甜，將味蕾的享受推向極致。,果香表現突出，宛如酒液在口中熱情起舞，香甜迅速蔓延喉間，而後在齒頰間留下的醇香與淡淡的肉桂香氣，與各種香甜交織成絕妙的層次，令人陶醉其中。,,https://www.kavalanwhisky.com/zh-tw/product.php?act=view&id=54
55,噶瑪蘭調酒師精選,Kavalan Blender's Select,,,亞熱帶氣候的交替更迭伴隨橡木桶緩慢呼吸山海獨特的芬芳天地的自然精華，孕育出風味無可比擬、令世界著迷的噶瑪蘭單一麥芽威士忌。,明亮淡雅金黃色,青蘋果、鳳梨、香蕉氣息，佐以乾淨香草芬芳，伴隨著蜂蜜、無花果及怡人花香，整體展現平衡雅致風味。,口感飽滿、圓潤柔順，自然的甘甜中點綴優雅的木質醇香。,,https://www.kavalanwhisky.com/zh-tw/product.php?act=view&id=55
56,噶瑪蘭十五周年紀念原酒：ex-Bourbon波本桶,Kavalan 15th Anniversary ex-Bourbon Cask,"NTD 12,000",,亞熱帶氣候的交替更迭伴隨橡木桶緩慢呼吸山海獨特的芬芳天地的自然精華，孕育出風味無可比擬、令世界著迷的噶瑪蘭單一麥芽威士忌。,瀲灩琥珀色,鮮明蜂蜜與糖漿繚繞，夾帶顯著的烤杏仁及核果風味，接續的香草和奶油氣息堆疊豐富層次，些許麥芽餘韻與烤麵包香氣迎上鼻腔，尾端玫瑰精油芬芳令人流連忘返。,宛如輕嘗絲滑迷人的杏仁豆腐，濃烈熱帶水果芳香於口中恣意綻放，綿密的香草霜淇淋增富口感，感受如精緻奶油蛋糕之甜蜜饗宴。,,https://www.kavalanwhisky.com/zh-tw/product.php?act=view&id=56
57,噶瑪蘭十五周年紀念原酒：OLOROSO雪莉桶,Kavalan 15th Anniversary Oloroso Sherry Cask,"NTD 12,000",,亞熱帶氣候的交替更迭伴隨橡木桶緩慢呼吸山海獨特的芬芳天地的自然精華，孕育出風味無可比擬、令世界著迷的噶瑪蘭單一麥芽威士忌。,沉穩可口的黑葡萄乾色,層次豐富且細緻和諧，深沉雪莉果乾、奶梅、陳皮、黑棗等各式蜜餞，伴隨一絲柑橘清香及焦糖甜感，糖漬櫻桃、葡萄乾、杏仁堅果封存馥郁氣息；尾韻則以淡雅香草帶出噶瑪蘭經典熱帶水果風格。,黑巧克力點綴Espresso迷人香氣，焦香黑糖隨之而來，與渾厚濃郁的木質調相互交織；細緻的單寧結合肉桂、丁香等辛香料，營造極富平衡的溫潤感受。,,https://www.kavalanwhisky.com/zh-tw/product.php?act=view&id=57
58,金車45周年紀念款 噶瑪蘭PALO CORTADO雪莉桶,King Car Group 45th Anniversary：Kavalan Palo Cortado Sherry Single Cask,"NTD 25,000",,亞熱帶氣候的交替更迭伴隨橡木桶緩慢呼吸山海獨特的芬芳天地的自然精華，孕育出風味無可比擬、令世界著迷的噶瑪蘭單一麥芽威士忌。,焦糖暖紅棕,層次豐富且細緻，可可粉、柑橘芬芳香氣撲鼻而來，隨後捎來熟成果乾、糕點及牛軋糖的甜香氣息；質地飽滿圓潤，各式堅果韻味交疊，香草水果蛋糕、荳蔻辛香逐一浮現，尾韻純淨而優雅,彷彿柑橘磅蛋糕的完美滋味，濃郁果乾層層堆疊、包覆味蕾；葡萄乾融合香草及烤餅乾香氣，焦糖太妃糖點綴核桃堅果碎，醇厚多層次的尾韻讓人意猶未盡。,,https://www.kavalanwhisky.com/zh-tw/product.php?act=view&id=58
59,噶瑪蘭「蘭」,Kavalan LÁN,,,亞熱帶氣候的交替更迭伴隨橡木桶緩慢呼吸山海獨特的芬芳天地的自然精華，孕育出風味無可比擬、令世界著迷的噶瑪蘭單一麥芽威士忌。,優雅剔透的深琥珀色,以迷人的蘭花香氣為主角，揉合了玫瑰、茉莉、牡丹、橙花的清新氣息，交織點綴奶油、香草的溫醇，以及巧克力、焦糖、哈密瓜、水果軟糖的甜味，彷彿身處在百花綻放的花園饗宴中，餐桌上擺滿了水果與甜點；尾韻以堅果、肉桂作結，正如同遠處森林傳來的木質馨香，輕爽中帶有一絲甜蜜與穩重，感受多元風味的驚喜變化。,清新的花果香氣充盈舌尖至鼻腔，與滑順的奶油、巧克力完美交融共舞，最終以堅果、肉桂的木質香氣落地，酒體輕盈滑順又不失記憶點。,適合與甜點、巧克力、水果一起享用，搭配煙燻肉品亦有絕佳風味展現。,https://www.kavalanwhisky.com/zh-tw/product.php?act=view&id=59
60,噶瑪蘭調酒師精選 臻醇〈甘甜濃郁〉,Kavalan Blender's Select Signature - Sweet & Mellow,,,亞熱帶氣候的交替更迭伴隨橡木桶緩慢呼吸山海獨特的芬芳天地的自然精華，孕育出風味無可比擬、令世界著迷的噶瑪蘭單一麥芽威士忌。,透亮紅瑪瑙,融合楓糖漿與太妃糖的甜美，濃縮的蜜餞果乾香氣交錯其中，伴隨牛軋糖與綿密乳脂的柔滑口感，最後帶有一絲淡淡煙草的餘韻，令人回味無窮。,以甜美的麝香和蜂蜜揭開序幕，中韻展現絲滑濃郁的奶油戚風蛋糕風味，尾韻帶出香濃巧克力、煙燻烏梅香氣，最終以清爽的草本作結。,,https://www.kavalanwhisky.com/zh-tw/product.php?act=view&id=60
64,噶瑪蘭經典獨奏Palo Cortado雪莉桶 威士忌原酒,Kavalan Solist Palo Cortado Sherry Single Cask Strength,"NTD 12,000",,亞熱帶氣候的交替更迭伴隨橡木桶緩慢呼吸山海獨特的芬芳天地的自然精華，孕育出風味無可比擬、令世界著迷的噶瑪蘭單一麥芽威士忌。,焦糖暖紅棕,層次豐富且細緻，可可粉、柑橘芬芳香氣撲鼻而來，隨後捎來熟成果乾及牛軋糖的甜香氣息；各式堅果韻味交疊，香草水果蛋糕、荳蔻辛香逐一浮現。,彷彿柑橘磅蛋糕的完美滋味，濃郁果乾層層堆疊、融合香草及烤餅乾香氣，焦糖太妃糖點綴核桃堅果碎，讓人意猶未盡。,,https://www.kavalanwhisky.com/zh-tw/product.php?act=view&id=64
65,噶瑪蘭15年,Kavalan 15 Years Old,"NTD 4,500",,亞熱帶氣候的交替更迭伴隨橡木桶緩慢呼吸山海獨特的芬芳天地的自然精華，孕育出風味無可比擬、令世界著迷的噶瑪蘭單一麥芽威士忌。,焦糖金棕色,焦糖蘋果慕斯、生巧克力、核桃肉桂捲和奶油爆米花的香氣，絲滑蔓延展開，其中摻了些許陳皮梅的蜜餞香氣，最終轉為太妃糖和黑棗果乾的濃郁香甜作結，帶來飽滿的深層風味。,輕盈明亮的佛手柑、檸檬、香橙和葡萄柚氣味相互交織，隨後轉為蔓越莓乾、葡萄乾與龍眼乾的甜香，搭配黑巧克力義式冰淇淋和焦糖核桃咖啡慕斯的濃郁風味，並以木質肉桂的辛香收尾。,,https://www.kavalanwhisky.com/zh-tw/product.php?act=view&id=65
66,噶瑪蘭泥煤探尋者 Oloroso雪莉桶泥煤威士忌原酒,Kavalan Peatist Oloroso Sherry Cask Single Cask Strength,"NTD 3,500",,噶瑪蘭泥煤探尋者 Oloroso雪莉桶泥煤威士忌原酒,深邃黑葡萄乾色,煙燻泥煤香氣交織熱帶水果，香甜鳳梨、芒果伴隨奶油糖、碳燻烏梅及深色果乾。清新草本氣息揉合其中，爾後捎來葡萄乾、無花果等熟成果韻，為此更添豐富層次。,柑橘與奶油糖甜感於口中恣意綻放，鳳梨與芒果乾香層層堆疊；鹹甜黑棗、烏梅蜜餞更增添泥煤風味的層次。細膩木質香氣與辛香肉桂、丁香交織，勾勒出微妙單寧口感。尾韻浮現巧克力、咖啡與堅果的豐郁氣息。,,https://www.kavalanwhisky.com/zh-tw/product.php?act=view&id=66
67,噶瑪蘭泥煤探尋者 波本桶泥煤威士忌原酒,Kavalan Peatist ex-Bourbon Cask Single Cask Strength,"NTD 3,500",,噶瑪蘭泥煤探尋者 波本桶泥煤威士忌原酒,清亮金黃色,初韻散發輕柔泥煤氣息，經典果香層層遞進，迷人芒果、香蕉與龍眼芬芳而至。椰奶般甜蜜香氣撲鼻而來，香草、蜂蜜蘊含其中，令人陶醉。,瀰漫著柔美而成熟的調性。綿密香草奶油蛋糕，佐以香甜熱帶水果基調；溫潤橡木質地與清甜椰香達到絕佳平衡，香草卡士達的滑潤瀰漫其中，賦予煙燻泥煤獨特風情，尾韻悠長且令人回味。,,https://www.kavalanwhisky.com/zh-tw/product.php?act=view&id=67
70,噶瑪蘭 台灣之韻系列 海洋,Kavalan Rhythm of Taiwan Collection --Ocean--,"NTD 4,300",,亞熱帶氣候的交替更迭伴隨橡木桶緩慢呼吸山海獨特的芬芳天地的自然精華，孕育出風味無可比擬、令世界著迷的噶瑪蘭單一麥芽威士忌。,明亮琥珀色,濃郁雪莉香氣綻放，帶有奶油太妃糖和乳脂軟糖的香甜調性。整體柔順平衡，與品牌標誌性的熱帶水果香氣和諧交融。,乳脂軟糖的柔和香甜，襯托出舌尖上的自然甜味。多層次的豐盈果香，夾帶著一絲木質調性，口感溫潤易飲、值得細細品味。,,https://www.kavalanwhisky.com/zh-tw/product.php?act=view&id=70
71,噶瑪蘭山川首席波特風味桶,Kavalan Concertmaster Port Cask Finish,"NTD 1,700",,亞熱帶氣候的交替更迭伴隨橡木桶緩慢呼吸山海獨特的芬芳天地的自然精華，孕育出風味無可比擬、令世界著迷的噶瑪蘭單一麥芽威士忌。,溫暖的棕紅色,橙花、甘蔗與鳳梨交融蜂蜜香氣，肉桂辛香點綴蜜餞與櫻桃，圓潤飽滿、餘韻悠長。,如和諧交響，層次豐富，清新莓果揭開序幕，交織蜂蜜烤堅果、棉花糖、鳳梨與無花果的熱帶果香，尾韻則綻放牛奶巧克力、太妃糖與葡萄乾的甜美。,適合與甜點一起搭配飲用,https://www.kavalanwhisky.com/zh-tw/product.php?act=view&id=71
72,噶瑪蘭層豐雪莉3桶,Kavalan Triple Sherry Cask,"NTD 2,500",,亞熱帶氣候的交替更迭伴隨橡木桶緩慢呼吸山海獨特的芬芳天地的自然精華，孕育出風味無可比擬、令世界著迷的噶瑪蘭單一麥芽威士忌。,迷人棗紅褐色,整體散發出成熟的莓果果乾香氣，從中點綴些微葡萄與柑橘清香，交織出如巧克力布朗尼及太妃糖般的甜美，並透露著肉桂、丁香等辛香，融合恰到好處的橡木及迷迭香香氣，令人愉悅的純淨風味。,滑順的雪莉果乾香氣與奔放的辛香於口中繚繞，溫潤的蜜餞、焦糖及蜂蜜的香甜，如流暢的佛朗明哥舞般挑逗著味蕾；多層次口感完美交融，平衡細緻，造就無法忘懷的舌尖饗宴。,適合與甜點、黑巧克力、堅果一起享用，搭配清爽海鮮沙拉、煙燻肉品或微辣食物亦有絕佳風味展現,https://www.kavalanwhisky.com/zh-tw/product.php?act=view&id=72
73,噶瑪蘭經典獨奏Vinho葡萄酒桶威士忌原酒,Kavalan Solist Vinho Barrique Single Cask Strength,"NTD 3,700",,亞熱帶氣候的交替更迭伴隨橡木桶緩慢呼吸山海獨特的芬芳天地的自然精華，孕育出風味無可比擬、令世界著迷的噶瑪蘭單一麥芽威士忌。,深秋金黃色,綻放香瓜果香與焦糖香甜，結合葡萄酒特質之豐富融合體。呈現細緻平衡風味，完美呈現水果與橡木絕妙。,甘甜口感，杏仁、黑巧克力在舌尖繚繞。尾韻潔淨，整體風味醇厚濃郁、豐富口感令人回味無窮。,適合純飲,https://www.kavalanwhisky.com/zh-tw/product.php?act=view&id=73
74,噶瑪蘭經典獨奏橡木新桶威士忌原酒,Kavalan Solist Virgin Oak  Single Cask Strength,"NTD 4,200",,亞熱帶氣候的交替更迭伴隨橡木桶緩慢呼吸山海獨特的芬芳天地的自然精華，孕育出風味無可比擬、令世界著迷的噶瑪蘭單一麥芽威士忌。,甜美的黑櫻桃,最初釋放煙燻烏梅、紫葡萄、奶油香草和濃郁的蜂蠟的香氣，逐漸浮現鮮花、杏桃與水蜜桃等深邃迷人的氣息。,酒體相當飽滿、厚實，橡木的辛香點綴其中，蘊含香甜的蜂蜜、秋梨和栗子風味。,,https://www.kavalanwhisky.com/zh-tw/product.php?act=view&id=74
